<?xml version="1.0" encoding="UTF-8" standalone="yes"?>
<addon id="plugin.video.hard.nox.live" name="Hard NOx Live TV" version="05.03.18" provider-name="Hard NOx - Team Kryo">
  <requires>
    <import addon="xbmc.python" version="2.1.0"/>
    <import addon="script.module.pyamf" />
    <import addon="script.module.livestreamer" />
    <import addon="script.module.requests" />
    <import addon="script.module.routing" />
  </requires>
  <extension point="xbmc.python.pluginsource" library="addon.py">
    <provides>video</provides>
  </extension>
  <extension point="xbmc.addon.metadata">
    <summary lang="en_gb">Hard NOx Live TV</summary>
    <description lang="en_gb">Hard NOx Live TV Hundreds of TV channels from around the world</description>
    <disclaimer lang="en_gb">Team Kryo accept no responsibility for how you choose to use this addon</disclaimer>
    <language></language>
    <platform>all</platform>
    <license></license>
    <forum></forum>
    <website>https://kryoteam.co.uk</website>
    <email>teamkryo@outlook.com</email>
    <source>https://kryoteam.co.uk/KTrepoz</source>
  </extension>
</addon>
