<?xml version="1.0" encoding="UTF-8"?>
    <addon id="repository.hard.nox.team.kryo" name="Hard NOx" version="05.03.18" provider-name="Hard NOx - Team Kryo">
        <requires>
            <import addon="xbmc.addon" version="12.0.0"/>
        </requires>
        <extension point="xbmc.addon.repository" name="Hard NOx">
            <info compressed="false">https://raw.githubusercontent.com/TKHardNox/HardNOx/_repo/addons.xml</info>
            <checksum>https://raw.githubusercontent.com/TKHardNox/HardNOx/_repo/addons.xml.md5</checksum>
            <datadir zip="true">https://raw.githubusercontent.com/TKHardNox/HardNOx/_repo/</datadir>
            <hashes>false</hashes>
        </extension>
        <extension point="xbmc.addon.metadata">
            <summary>Team Kryos addons all under one roof. kryoteam.co.uk FB facebook.com/groups/kryomediawizard</summary>
            <description>Team Kryos addons all under one roof. kryoteam.co.uk FB facebook.com/groups/kryomediawizard</description>
            <platform>all</platform>
    </extension>
</addon>